-- MySQL Script generated by MySQL Workbench
-- Tue Jun 17 19:55:58 2025
-- Model: New Model    Version: 1.0
-- MySQL Workbench Forward Engineering

SET @OLD_UNIQUE_CHECKS=@@UNIQUE_CHECKS, UNIQUE_CHECKS=0;
SET @OLD_FOREIGN_KEY_CHECKS=@@FOREIGN_KEY_CHECKS, FOREIGN_KEY_CHECKS=0;
SET @OLD_SQL_MODE=@@SQL_MODE, SQL_MODE='ONLY_FULL_GROUP_BY,STRICT_TRANS_TABLES,NO_ZERO_IN_DATE,NO_ZERO_DATE,ERROR_FOR_DIVISION_BY_ZERO,NO_ENGINE_SUBSTITUTION';

-- -----------------------------------------------------
-- Schema mydb
-- -----------------------------------------------------
DROP SCHEMA IF EXISTS `mydb` ;

-- -----------------------------------------------------
-- Schema mydb
-- -----------------------------------------------------
CREATE SCHEMA IF NOT EXISTS `mydb` DEFAULT CHARACTER SET utf8 ;
USE `mydb` ;

-- -----------------------------------------------------
-- Table `mydb`.`Usuario`
-- -----------------------------------------------------
CREATE TABLE IF NOT EXISTS `mydb`.`Usuario` (
  `id_usuario` INT NULL DEFAULT NULL AUTO_INCREMENT,
  `p_nombre` VARCHAR(50) NULL DEFAULT NULL,
  `s_nombre` VARCHAR(50) NULL DEFAULT NULL,
  `p_apellido` VARCHAR(45) NULL DEFAULT NULL,
  `s_apellido` VARCHAR(45) NULL DEFAULT NULL,
  `tipo_documento` ENUM('CC', 'TI', 'CE', 'OTRO') NULL DEFAULT NULL,
  `num_documento` INT NULL DEFAULT NULL,
  `correo` VARCHAR(100) NULL DEFAULT NULL,
  `contraseña` VARCHAR(100) NULL DEFAULT NULL,
  PRIMARY KEY (`id_usuario`)
);


-- -----------------------------------------------------
-- Table `mydb`.`instructor`
-- -----------------------------------------------------
CREATE TABLE IF NOT EXISTS `mydb`.`instructor` (
  `Usuario_id_usuario` INT NULL DEFAULT NULL,
  `email` VARCHAR(100) NULL DEFAULT NULL,
  `telefono` VARCHAR(20) NULL DEFAULT NULL,
  `coordinacion` VARCHAR(100) NULL DEFAULT NULL,
  `fichas_asignadas` TEXT NULL DEFAULT NULL,
  `especialidad` VARCHAR(100) NULL DEFAULT NULL,
  `fecha_ingreso` DATE NULL DEFAULT NULL,
  `estado` ENUM('Activo', 'Inactivo') NULL DEFAULT NULL,
  PRIMARY KEY (`Usuario_id_usuario`),
  CONSTRAINT `fk_instructor_usuario` -- Nombre de restricción añadido
    FOREIGN KEY (`Usuario_id_usuario`)
    REFERENCES `mydb`.`Usuario` (`id_usuario`)
);


-- -----------------------------------------------------
-- Table `mydb`.`guarda_seguridad`
-- -----------------------------------------------------
CREATE TABLE IF NOT EXISTS `mydb`.`guarda_seguridad` (
  `Usuario_id_usuario` INT NULL DEFAULT NULL,
  `turno` ENUM('Mañana', 'Tarde', 'Noche') NULL DEFAULT NULL,
  `fecha_ingreso` DATE NULL DEFAULT NULL,
  `estado` ENUM('Activo', 'Inactivo') NULL DEFAULT NULL,
  PRIMARY KEY (`Usuario_id_usuario`),
  CONSTRAINT `fk_guarda_seguridad_usuario` -- Nombre de restricción añadido
    FOREIGN KEY (`Usuario_id_usuario`)
    REFERENCES `mydb`.`Usuario` (`id_usuario`)
);


-- -----------------------------------------------------
-- Table `mydb`.`jornada`
-- -----------------------------------------------------
CREATE TABLE IF NOT EXISTS `mydb`.`jornada` (
  `id_jornada` INT NULL DEFAULT NULL,
  `nombre_jornada` ENUM('Mañana', 'Tarde', 'Noche') NULL DEFAULT NULL,
  PRIMARY KEY (`id_jornada`)
);


-- -----------------------------------------------------
-- Table `mydb`.`modalidad`
-- -----------------------------------------------------
CREATE TABLE IF NOT EXISTS `mydb`.`modalidad` (
  `id_modalidad` INT NULL DEFAULT NULL,
  `nombre_modalidad` ENUM('Presencial', 'Virtual', 'Mixta') NULL DEFAULT NULL,
  PRIMARY KEY (`id_modalidad`)
);


-- -----------------------------------------------------
-- Table `mydb`.`coordinacion`
-- -----------------------------------------------------
CREATE TABLE IF NOT EXISTS `mydb`.`coordinacion` (
  `id_coordinacion` INT NULL DEFAULT NULL AUTO_INCREMENT,
  `nombre_coordinacion` VARCHAR(45) NULL DEFAULT NULL,
  `correo_coordinacion` VARCHAR(30) NULL DEFAULT NULL,
  PRIMARY KEY (`id_coordinacion`)
);


-- -----------------------------------------------------
-- Table `mydb`.`programas`
-- -----------------------------------------------------
CREATE TABLE IF NOT EXISTS `mydb`.`programas` (
  `id_programas` INT NULL DEFAULT NULL,
  `nombre_programa` VARCHAR(50) NULL DEFAULT NULL,
  `nivel_formacion` VARCHAR(30) NULL DEFAULT NULL,
  `duracion` VARCHAR(50) NULL DEFAULT NULL,
  `jornada_id` INT NULL DEFAULT NULL,
  `modalidad_id` INT NULL DEFAULT NULL,
  `coordinacion_id` INT NULL DEFAULT NULL,
  PRIMARY KEY (`id_programas`),
  CONSTRAINT `fk_programas_jornada` -- Nombre de restricción añadido
    FOREIGN KEY (`jornada_id`)
    REFERENCES `mydb`.`jornada` (`id_jornada`),
  CONSTRAINT `fk_programas_modalidad` -- Nombre de restricción añadido
    FOREIGN KEY (`modalidad_id`)
    REFERENCES `mydb`.`modalidad` (`id_modalidad`),
  CONSTRAINT `fk_programas_coordinacion` -- Nombre de restricción añadido
    FOREIGN KEY (`coordinacion_id`)
    REFERENCES `mydb`.`coordinacion` (`id_coordinacion`)
);


-- -----------------------------------------------------
-- Table `mydb`.`aprendiz`
-- -----------------------------------------------------
CREATE TABLE IF NOT EXISTS `mydb`.`aprendiz` (
  `id_aprendiz` INT NULL DEFAULT NULL AUTO_INCREMENT,
  `Usuario_id_usuario` INT NULL DEFAULT NULL,
  `Num_ficha` MEDIUMINT NULL DEFAULT NULL,
  `programa_id` INT NULL DEFAULT NULL,
  `programas_id_programas` INT NOT NULL,
  PRIMARY KEY (`id_aprendiz`),
  CONSTRAINT `fk_aprendiz_usuario` -- Nombre de restricción añadido
    FOREIGN KEY (`Usuario_id_usuario`)
    REFERENCES `mydb`.`Usuario` (`id_usuario`),
  CONSTRAINT `fk_aprendiz_programas1`
    FOREIGN KEY (`programas_id_programas`)
    REFERENCES `mydb`.`programas` (`id_programas`)
    ON DELETE NO ACTION
    ON UPDATE NO ACTION
);


-- -----------------------------------------------------
-- Table `mydb`.`rol`
-- -----------------------------------------------------
CREATE TABLE IF NOT EXISTS `mydb`.`rol` (
  `id_rol` INT NULL DEFAULT NULL,
  `nombre_rol` VARCHAR(45) NULL DEFAULT NULL,
  PRIMARY KEY (`id_rol`)
);


-- -----------------------------------------------------
-- Table `mydb`.`user_rol`
-- -----------------------------------------------------
CREATE TABLE IF NOT EXISTS `mydb`.`user_rol` (
  `id_user_rol` INT NULL DEFAULT NULL AUTO_INCREMENT,
  `id_usuario` INT NULL DEFAULT NULL,
  `id_rol` INT NULL DEFAULT NULL,
  PRIMARY KEY (`id_user_rol`),
  CONSTRAINT `fk_user_rol_usuario` -- Nombre de restricción añadido
    FOREIGN KEY (`id_usuario`)
    REFERENCES `mydb`.`Usuario` (`id_usuario`),
  CONSTRAINT `fk_user_rol_rol` -- Nombre de restricción añadido
    FOREIGN KEY (`id_rol`)
    REFERENCES `mydb`.`rol` (`id_rol`)
);


-- -----------------------------------------------------
-- Table `mydb`.`ambiente`
-- -----------------------------------------------------
CREATE TABLE IF NOT EXISTS `mydb`.`ambiente` (
  `id_ambiente` INT NULL DEFAULT NULL,
  `num_ambiente` SMALLINT NULL DEFAULT NULL,
  `capacidad` SMALLINT NULL DEFAULT NULL,
  `tipo_ambiente` VARCHAR(45) NULL DEFAULT NULL,
  `estado` VARCHAR(30) NULL DEFAULT NULL,
  `coordinacion_id` INT NULL DEFAULT NULL,
  PRIMARY KEY (`id_ambiente`),
  CONSTRAINT `fk_ambiente_coordinacion` -- Nombre de restricción añadido
    FOREIGN KEY (`coordinacion_id`)
    REFERENCES `mydb`.`coordinacion` (`id_coordinacion`)
);


-- -----------------------------------------------------
-- Table `mydb`.`tipo_incidente`
-- -----------------------------------------------------
CREATE TABLE IF NOT EXISTS `mydb`.`tipo_incidente` (
  `id_tipo_inc` INT NULL DEFAULT NULL,
  `tipo_incidente` VARCHAR(45) NULL DEFAULT NULL,
  `observacion_inc` TEXT NULL DEFAULT NULL,
  PRIMARY KEY (`id_tipo_inc`)
);


-- -----------------------------------------------------
-- Table `mydb`.`registro_incidente`
-- -----------------------------------------------------
CREATE TABLE IF NOT EXISTS `mydb`.`registro_incidente` (
  `id_incidente` INT NULL DEFAULT NULL AUTO_INCREMENT,
  `descripcion` TEXT NULL DEFAULT NULL,
  `fecha_incidente` DATE NULL DEFAULT NULL,
  `hora_incidente` TIME NULL DEFAULT NULL,
  `ambiente_id` INT NULL DEFAULT NULL,
  `tipo_inc_id` INT NULL DEFAULT NULL,
  PRIMARY KEY (`id_incidente`),
  CONSTRAINT `fk_registro_incidente_ambiente` -- Nombre de restricción añadido
    FOREIGN KEY (`ambiente_id`)
    REFERENCES `mydb`.`ambiente` (`id_ambiente`),
  CONSTRAINT `fk_registro_incidente_tipo_inc` -- Nombre de restricción añadido
    FOREIGN KEY (`tipo_inc_id`)
    REFERENCES `mydb`.`tipo_incidente` (`id_tipo_inc`)
);


-- -----------------------------------------------------
-- Table `mydb`.`tipo_recurso`
-- -----------------------------------------------------
CREATE TABLE IF NOT EXISTS `mydb`.`tipo_recurso` (
  `id_tipo_recurso` INT NULL DEFAULT NULL,
  `recurso_tipo` VARCHAR(45) NULL DEFAULT NULL,
  `descripcion_tipo` VARCHAR(60) NULL DEFAULT NULL,
  PRIMARY KEY (`id_tipo_recurso`)
);


-- -----------------------------------------------------
-- Table `mydb`.`recursos`
-- -----------------------------------------------------
CREATE TABLE IF NOT EXISTS `mydb`.`recursos` (
  `id_recurso` INT NULL DEFAULT NULL AUTO_INCREMENT,
  `serial_recurso` VARCHAR(100) NULL DEFAULT NULL,
  `num_recurso` TINYINT NULL DEFAULT NULL,
  `nombre_recurso` VARCHAR(60) NULL DEFAULT NULL,
  `tipo_recurso` INT NULL DEFAULT NULL,
  `observacion` TEXT NULL DEFAULT NULL,
  `ambiente_id` INT NULL DEFAULT NULL,
  PRIMARY KEY (`id_recurso`),
  CONSTRAINT `fk_recursos_tipo_recurso` -- Nombre de restricción añadido
    FOREIGN KEY (`tipo_recurso`)
    REFERENCES `mydb`.`tipo_recurso` (`id_tipo_recurso`),
  CONSTRAINT `fk_recursos_ambiente` -- Nombre de restricción añadido
    FOREIGN KEY (`ambiente_id`)
    REFERENCES `mydb`.`ambiente` (`id_ambiente`)
);


-- -----------------------------------------------------
-- Table `mydb`.`registro_minuta`
-- -----------------------------------------------------
CREATE TABLE IF NOT EXISTS `mydb`.`registro_minuta` (
  `id_minuta` INT NULL DEFAULT NULL AUTO_INCREMENT,
  `fecha_hora_recibo` DATETIME NULL DEFAULT NULL,
  `fecha_hora_entrega` DATETIME NULL DEFAULT NULL,
  `novedad` TEXT NULL DEFAULT NULL,
  `responsable` VARCHAR(250) NULL DEFAULT NULL,
  `descripcion_min` TEXT NULL DEFAULT NULL,
  `ambiente_id` INT NULL DEFAULT NULL,
  `Usuario_id_usuario` INT NULL DEFAULT NULL,
  PRIMARY KEY (`id_minuta`),
  CONSTRAINT `fk_registro_minuta_usuario` -- Nombre de restricción añadido
    FOREIGN KEY (`Usuario_id_usuario`)
    REFERENCES `mydb`.`Usuario` (`id_usuario`),
  CONSTRAINT `fk_registro_minuta_ambiente` -- Nombre de restricción añadido
    FOREIGN KEY (`ambiente_id`)
    REFERENCES `mydb`.`ambiente` (`id_ambiente`)
);


-- -----------------------------------------------------
-- Table `mydb`.`registro_asistencia`
-- -----------------------------------------------------
CREATE TABLE IF NOT EXISTS `mydb`.`registro_asistencia` (
  `id_asistencia` INT NULL DEFAULT NULL AUTO_INCREMENT,
  `fecha_asistencia` DATE NULL DEFAULT NULL,
  `estado_asistencia` ENUM('E', 'F', 'I') NULL DEFAULT NULL,
  `jornada_id` INT NULL DEFAULT NULL,
  `aprendiz_id` INT NULL DEFAULT NULL,
  PRIMARY KEY (`id_asistencia`),
  CONSTRAINT `fk_registro_asistencia_jornada` -- Nombre de restricción añadido
    FOREIGN KEY (`jornada_id`)
    REFERENCES `mydb`.`jornada` (`id_jornada`),
  CONSTRAINT `fk_registro_asistencia_aprendiz` -- Nombre de restricción añadido
    FOREIGN KEY (`aprendiz_id`)
    REFERENCES `mydb`.`aprendiz` (`id_aprendiz`)
);


-- -----------------------------------------------------
-- Table `mydb`.`alertas_inasistencia`
-- -----------------------------------------------------
CREATE TABLE IF NOT EXISTS `mydb`.`alertas_inasistencia` (
  `id_alerta` INT NULL DEFAULT NULL AUTO_INCREMENT,
  `aprendiz_id` INT NULL DEFAULT NULL,
  `cantidad_fallas` INT NULL DEFAULT NULL,
  `fecha_alerta` DATETIME NULL DEFAULT NULL,
  `mensaje` TEXT NULL DEFAULT NULL,
  `coordinacion_id` INT NULL DEFAULT NULL,
  PRIMARY KEY (`id_alerta`),
  CONSTRAINT `fk_alertas_inasistencia_aprendiz` -- Nombre de restricción añadido
    FOREIGN KEY (`aprendiz_id`)
    REFERENCES `mydb`.`aprendiz` (`id_aprendiz`),
  CONSTRAINT `fk_alertas_inasistencia_coordinacion` -- Nombre de restricción añadido
    FOREIGN KEY (`coordinacion_id`)
    REFERENCES `mydb`.`coordinacion` (`id_coordinacion`)
);


SET SQL_MODE=@OLD_SQL_MODE;
SET FOREIGN_KEY_CHECKS=@OLD_FOREIGN_KEY_CHECKS;
SET UNIQUE_CHECKS=@OLD_UNIQUE_CHECKS;


-- -----------------------------------------------------
-- Data for table `mydb`.`Usuario`
-- -----------------------------------------------------
INSERT INTO `mydb`.`Usuario` (`p_nombre`, `s_nombre`, `p_apellido`, `s_apellido`, `tipo_documento`, `num_documento`, `correo`, `contraseña`) VALUES
('Juan', NULL, 'Perez', 'Gomez', 'CC', 1012345678, 'juan.perez@example.com', 'pass123'),
('Maria', 'Alejandra', 'Lopez', 'Diaz', 'CC', 1023456789, 'maria.lopez@example.com', 'pass456'),
('Carlos', NULL, 'Ramirez', 'Silva', 'TI', 1034567890, 'carlos.ramirez@example.com', 'pass789'),
('Ana', 'Sofia', 'Martinez', 'Ruiz', 'CC', 1045678901, 'ana.martinez@example.com', 'passabc'),
('Luis', NULL, 'Hernandez', 'Castro', 'CE', 1056789012, 'luis.hernandez@example.com', 'passdef'),
('Laura', 'Valentina', 'Torres', 'Vargas', 'CC', 1067890123, 'laura.torres@example.com', 'passghi'),
('Andres', NULL, 'Gutierrez', 'Morales', 'CC', 1078901234, 'andres.gutierrez@example.com', 'passjkl'),
('Sofia', 'Isabella', 'Diaz', 'Suarez', 'TI', 1089012345, 'sofia.diaz@example.com', 'passmno'),
('Fernando', NULL, 'Moreno', 'Ortega', 'CC', 1090123456, 'fernando.moreno@example.com', 'passpqr'),
('Valeria', 'Camila', 'Jimenez', 'Rojas', 'CC', 1101234567, 'valeria.jimenez@example.com', 'passtuv');


-- -----------------------------------------------------
-- Data for table `mydb`.`jornada`
-- -----------------------------------------------------
INSERT INTO `mydb`.`jornada` (`id_jornada`, `nombre_jornada`) VALUES
(1, 'Mañana'),
(2, 'Tarde'),
(3, 'Noche');


-- -----------------------------------------------------
-- Data for table `mydb`.`modalidad`
-- -----------------------------------------------------
INSERT INTO `mydb`.`modalidad` (`id_modalidad`, `nombre_modalidad`) VALUES
(1, 'Presencial'),
(2, 'Virtual'),
(3, 'Mixta');


-- -----------------------------------------------------
-- Data for table `mydb`.`coordinacion`
-- -----------------------------------------------------
INSERT INTO `mydb`.`coordinacion` (`id_coordinacion`, `nombre_coordinacion`, `correo_coordinacion`) VALUES
(1, 'Coordinación de Sistemas', 'sistemas@example.com'),
(2, 'Coordinación de Diseño', 'diseno@example.com'),
(3, 'Coordinación de Logística', 'logistica@example.com');


-- -----------------------------------------------------
-- Data for table `mydb`.`instructor`
-- -----------------------------------------------------
INSERT INTO `mydb`.`instructor` (`Usuario_id_usuario`, `email`, `telefono`, `coordinacion`, `fichas_asignadas`, `especialidad`, `fecha_ingreso`, `estado`) VALUES
(1, 'instructor1@example.com', '3001112233', 'Coordinación de Sistemas', '201, 202', 'Desarrollo Web', '2022-01-15', 'Activo'),
(2, 'instructor2@example.com', '3012223344', 'Coordinación de Diseño', '301, 302', 'Diseño Gráfico', '2021-05-20', 'Activo'),
(3, 'instructor3@example.com', '3023334455', 'Coordinación de Logística', '401', 'Gestión de Almacenes', '2023-03-10', 'Inactivo');


-- -----------------------------------------------------
-- Data for table `mydb`.`guarda_seguridad`
-- -----------------------------------------------------
INSERT INTO `mydb`.`guarda_seguridad` (`Usuario_id_usuario`, `turno`, `fecha_ingreso`, `estado`) VALUES
(4, 'Mañana', '2020-07-01', 'Activo'),
(5, 'Noche', '2019-11-01', 'Activo');


-- -----------------------------------------------------
-- Data for table `mydb`.`programas`
-- -----------------------------------------------------
INSERT INTO `mydb`.`programas` (`id_programas`, `nombre_programa`, `nivel_formacion`, `duracion`, `jornada_id`, `modalidad_id`, `coordinacion_id`) VALUES
(101, 'Análisis y Desarrollo de Software', 'Tecnólogo', '24 meses', 1, 2, 1),
(102, 'Diseño Gráfico Publicitario', 'Técnico', '18 meses', 2, 1, 2),
(103, 'Gestión Logística', 'Tecnólogo', '24 meses', 3, 3, 3),
(104, 'Contabilidad y Finanzas', 'Tecnólogo', '24 meses', 1, 1, 1),
(105, 'Multimedia', 'Técnico', '18 meses', 2, 2, 2);


-- -----------------------------------------------------
-- Data for table `mydb`.`ambiente`
-- -----------------------------------------------------
INSERT INTO `mydb`.`ambiente` (`id_ambiente`, `num_ambiente`, `capacidad`, `tipo_ambiente`, `estado`, `coordinacion_id`) VALUES
(1001, 101, 30, 'Aula de Clases', 'Disponible', 1),
(1002, 102, 25, 'Laboratorio de Cómputo', 'En Uso', 1),
(1003, 201, 20, 'Taller de Diseño', 'Disponible', 2),
(1004, 301, 40, 'Salón Multipropósito', 'Mantenimiento', 3),
(1005, 103, 30, 'Aula de Clases', 'Disponible', 1);


-- -----------------------------------------------------
-- Data for table `mydb`.`aprendiz`
-- -----------------------------------------------------
INSERT INTO `mydb`.`aprendiz` (`Usuario_id_usuario`, `Num_ficha`, `programa_id`, `programas_id_programas`) VALUES
(6, 201, 101, 101),
(7, 202, 101, 101),
(8, 301, 102, 102),
(9, 401, 103, 103),
(10, 201, 101, 101);


-- -----------------------------------------------------
-- Data for table `mydb`.`rol`
-- -----------------------------------------------------
INSERT INTO `mydb`.`rol` (`id_rol`, `nombre_rol`) VALUES
(1, 'Administrador'),
(2, 'Instructor'),
(3, 'Aprendiz'),
(4, 'Guarda de Seguridad');


-- -----------------------------------------------------
-- Data for table `mydb`.`user_rol`
-- -----------------------------------------------------
INSERT INTO `mydb`.`user_rol` (`id_usuario`, `id_rol`) VALUES
(1, 2), -- Juan Perez es Instructor
(2, 2), -- Maria Lopez es Instructor
(3, 2), -- Carlos Ramirez es Instructor
(4, 4), -- Ana Martinez es Guarda
(5, 4), -- Luis Hernandez es Guarda
(6, 3), -- Laura Torres es Aprendiz
(7, 3), -- Andres Gutierrez es Aprendiz
(8, 3), -- Sofia Diaz es Aprendiz
(9, 3), -- Fernando Moreno es Aprendiz
(10, 3); -- Valeria Jimenez es Aprendiz


-- -----------------------------------------------------
-- Data for table `mydb`.`tipo_incidente`
-- -----------------------------------------------------
INSERT INTO `mydb`.`tipo_incidente` (`id_tipo_inc`, `tipo_incidente`, `observacion_inc`) VALUES
(1, 'Falla Eléctrica', 'Problemas con el suministro de energía'),
(2, 'Daño de Equipo', 'Equipo de cómputo defectuoso'),
(3, 'Problema de Conectividad', 'Fallo en la red de internet'),
(4, 'Falla de Mobiliario', 'Silla o mesa rota'),
(5, 'Emergencia Médica', 'Situación de salud de un aprendiz o instructor');


-- -----------------------------------------------------
-- Data for table `mydb`.`registro_incidente`
-- -----------------------------------------------------
INSERT INTO `mydb`.`registro_incidente` (`descripcion`, `fecha_incidente`, `hora_incidente`, `ambiente_id`, `tipo_inc_id`) VALUES
('Cortocircuito en el tomacorriente del ambiente.', '2024-06-10', '09:30:00', 1001, 1),
('Monitor del equipo 5 no enciende.', '2024-06-11', '14:00:00', 1002, 2),
('No hay conexión a internet en el taller.', '2024-06-12', '10:15:00', 1003, 3),
('Pata de la silla rota en el salón.', '2024-06-13', '11:45:00', 1001, 4),
('Estudiante se desmayó en el aula.', '2024-06-14', '08:00:00', 1005, 5);


-- -----------------------------------------------------
-- Data for table `mydb`.`tipo_recurso`
-- -----------------------------------------------------
INSERT INTO `mydb`.`tipo_recurso` (`id_tipo_recurso`, `recurso_tipo`, `descripcion_tipo`) VALUES
(1, 'Computador', 'Equipo informático de escritorio'),
(2, 'Proyector', 'Equipo para proyección de imágenes'),
(3, 'Impresora', 'Dispositivo para imprimir documentos'),
(4, 'Mobiliario', 'Sillas, mesas, armarios'),
(5, 'Herramienta', 'Herramientas manuales o eléctricas');


-- -----------------------------------------------------
-- Data for table `mydb`.`recursos`
-- -----------------------------------------------------
INSERT INTO `mydb`.`recursos` (`serial_recurso`, `num_recurso`, `nombre_recurso`, `tipo_recurso`, `observacion`, `ambiente_id`) VALUES
('PC-LAB-001', 1, 'Computador 1', 1, 'Funcionando correctamente', 1002),
('PROY-AUL-001', 1, 'Proyector Aula 1', 2, NULL, 1001),
('IMPR-ADM-001', 1, 'Impresora Principal', 3, 'Necesita tinta', 1001),
('SILLA-1001-01', 1, 'Silla Ergonómica', 4, 'Desgaste normal', 1001),
('MARTILLO-001', 1, 'Martillo de carpintero', 5, 'En buen estado', 1003);


-- -----------------------------------------------------
-- Data for table `mydb`.`registro_minuta`
-- -----------------------------------------------------
INSERT INTO `mydb`.`registro_minuta` (`fecha_hora_recibo`, `fecha_hora_entrega`, `novedad`, `responsable`, `descripcion_min`, `ambiente_id`, `Usuario_id_usuario`) VALUES
('2024-06-15 07:00:00', '2024-06-15 13:00:00', 'Sin novedades', 'María López', 'Registro de entrada y salida del ambiente.', 1001, 2),
('2024-06-15 13:00:00', '2024-06-15 19:00:00', 'Se reporta falla de red en ambiente 1003', 'Carlos Ramirez', 'Observación de ambiente 1003.', 1003, 3),
('2024-06-16 07:00:00', '2024-06-16 13:00:00', 'Reporte de silla rota en aula 1001', 'Ana Martinez', 'Verificación de mobiliario.', 1001, 4),
('2024-06-16 19:00:00', '2024-06-17 07:00:00', 'Sin novedades', 'Luis Hernandez', 'Recorrido de seguridad.', 1002, 5),
('2024-06-17 07:00:00', '2024-06-17 13:00:00', 'Estudiante con malestar general', 'Juan Perez', 'Atención de situación de salud.', 1005, 1);


-- -----------------------------------------------------
-- Data for table `mydb`.`registro_asistencia`
-- -----------------------------------------------------
INSERT INTO `mydb`.`registro_asistencia` (`fecha_asistencia`, `estado_asistencia`, `jornada_id`, `aprendiz_id`) VALUES
('2024-06-10', 'E', 1, 1),
('2024-06-10', 'E', 1, 2),
('2024-06-10', 'F', 2, 3),
('2024-06-10', 'E', 3, 4),
('2024-06-11', 'E', 1, 1),
('2024-06-11', 'E', 1, 2),
('2024-06-11', 'E', 2, 3),
('2024-06-11', 'F', 3, 4);


-- -----------------------------------------------------
-- Data for table `mydb`.`alertas_inasistencia`
-- -----------------------------------------------------
INSERT INTO `mydb`.`alertas_inasistencia` (`aprendiz_id`, `cantidad_fallas`, `fecha_alerta`, `mensaje`, `coordinacion_id`) VALUES
(3, 1, '2024-06-11 09:00:00', 'El aprendiz Sofia Diaz ha acumulado 1 falla en su programa.', 2),
(4, 1, '2024-06-12 10:00:00', 'El aprendiz Fernando Moreno ha acumulado 1 falla en su programa.', 3);
